Model,CV_MeanAcc,CV_StdAcc,CV_MeanAUC,CV_StdAUC,Test_Accuracy,Test_F1,Test_AUC
Naive Bayes,0.69854320110519,0.00416787970629158,0.817929440653509,0.0101764064663064,0.691322901849218,0.592105263157895,0.819713944487565
Decision Tree (Tuned),0.788835208209986,0.0107129950055788,0.826004597549343,0.0187322769432914,0.784495021337127,0.591093117408907,0.831668639733649
